label,content
0,我有點沮喪
0,我今天感覺不太好。我的狗不舒服。
0,不太好，我的狗昨天死了。
0,我有點沮喪
0,我一直看中東的新聞報導讓我更加焦慮。
0,我因分手感到很沮喪。
0,我今天心情很不好。
0,沒那麼好。我感到有點孤獨
0,我最近情緒低落，無法擺脫這種恐懼。
0,非常不安。本週早些時候我失去了一個親人。
0,我今天非常難過。我一直在想我的母親，她最近去世了。這很困難。
0,我真的很著急，我感覺我沒有通過考試
0,感覺不太好，我真的很掙扎。
0,不太好。由於壓力，我最近一直感到悲傷和昏昏欲睡。
0,我今天很沮喪。
0,今天不太好
0,我感到很沮喪，因為連續一周都在下雨。
0,我只是感覺真的很沮喪。
0,我很鬱悶。我找不到起床的動力。
0,我感到非常難過。昨晚我失去了親人。
0,我做得不太好。
0,我感覺沒那麼好。
0,特別糟糕
0,我心情不好。
0,由於我的健康狀況，感覺非常糟糕。
0,我覺得很難受。
0,感覺鬱悶今天工作不順利。
0,不好，我在工作中度過了緊張的一天。
0,我真的感到很失落和悲傷。我的伙伴和我分手了。
0,我真的很不高興，我的小狗昨天跑了，我到處都找不到他。
0,不太好，今天早上我下雨淋濕了。
0,我感覺不太好。
0,我覺得很難受。我狗丟了。
0,我感到很沮喪，今天早上我不想起床。
0,我今天心情有點低落。
0,不太好。我的姐妹們有地方可去，有事可做。我覺得落後了。
0,很糟糕。我發現我父母要離婚了。
0,今天心情特別低落。和弟弟吵架了
0,不是很好。
0,我不厲害。
0,我感覺很糟糕，我想我今天失去了一個朋友。
0,我很沮喪，因為我男朋友和我分手了。
0,糟糕，昨天我失去了一個親近的人。
0,我感覺不太好。我男朋友昨天和我分手了。
0,真的很傷心。我不能讓自己做任何事
0,我感到空虛和絕望。這次的疫情真的讓我很受傷。
0,請放過我吧，我很痛苦。
0,由於封鎖，今天很傷心
0,我受夠了。我認為我這個月無法應付所有賬單，而且我還在不停地工作。
0,我今天感覺超級沮喪，似乎沒有任何意義了
0,我真的很傷心很沮喪。
0,沒那麼好。我發現我的祖母活不長了。
0,我今天感覺很噁心
0,不好，我的狗死了。
0,我今天不怎麼好。
0,我之前哭過
0,我很難過
0,我今天有幾次哭泣。
0,我還行，估計吧。
0,我聽說我爺爺感染了新冠肺炎，正在住院。
0,我不舒服，我和我女朋友今天分手了。
0,感覺一切都沒有希望了。
0,不好。我的狗今天被安樂死了。
0,今天真的有點沉重。
0,我今天感覺不太好。
0,我很沮喪，感覺我沒有未來
0,我很沮喪。
0,我感覺很糟
0,我很失落
0,我有過跟好的時候。我最近肯定有點發瘋。
0,不太好。我的狗昨晚死了。
0,我有過得更好的時候。
0,我不好，我真的很難過
0,我覺得有點空虛。我的生活中沒有任何事情發生。
0,不是很好
0,不好
0,不太好，又是一個沒有絲毫區別的日子。
0,我今天有點不高興。
0,我很沮喪，我今天應該去看我爸爸，但他不得不重新安排時間，我很想念他。
0,一點都不好，我丟了工作。
0,我感覺不太好，我被診斷出得了一種可怕的疾病。
0,我感覺不太好，昨天和朋友鬧翻了
0,我有點沮喪。
0,不是很好。我只是覺得空虛。
0,我感覺不好。我發燒了。
0,我真的很沮喪，很沮喪，我在任何地方都找不到工作。
0,我真的很鬱悶。我所做的一切都不值得。
0,我今天很傷心，似乎什麼都不對。
0,我今天好難過。
0,不好，我感到孤獨
0,我很難過
0,空是輕描淡寫
0,我感到沮喪和悲傷
0,今天心情真的很低落
0,剛過，最近沒太多精力做事
0,感覺空虛，吃不下睡不著
0,不好，我認為什麼都不會改變。
0,我今天很傷心，因為我和我的伴侶吵架了
0,我很痛苦，我已經好幾個星期沒能讓自己做任何事情了。
0,心情低落，男朋友跟我分手了
0,我心情很低落
0,我覺得有點難過。我擔心失去工作。
0,不是很好，只是整個星期都感到沮喪。
0,我真的很難過，因為我的狗跑了
0,隨著學年即將結束，我有點堅定，我會想念我的學生。
0,我只是不想再繼續下去了，一切似乎都是那麼絕望。
0,我希望我感覺更快樂，但是這幾天過得很艱難。
0,不太好。我今天工作搞砸了。
0,我感到沮喪，不像我自己。
0,好鬱悶。我最近被解雇了
0,我做得不是很好。我一直有人際關係問題。
0,我的一個朋友去世了，我感到很失落
0,其實，最近心情有點低落。
0,事情可能會更好。由於我的學校成績，我最近陷入了困境。
0,我感覺不太好，我很沮喪。
0,我真的很難過，以至於我想哭一整天
0,不太好;我因為生病錯過了一個生日派對。
0,我感覺不像往常快樂的自己。
0,糟糕的。男朋友甩了我
0,我很鬱悶我考試不及格。
0,我今天很難過。
0,我昨天和朋友鬧翻了
0,我想哭
0,我覺得自己很糟糕。
0,由於無法參加家庭活動，我感覺不太好。
0,我想我不能再繼續下去了。
0,只是感覺真的處於我生命中的低谷，似乎什麼都不對。
0,還好吧，我覺得。
0,今天我心情非常低落。我只是沒有一個美好的早晨。
0,我感覺很糟糕，我沒有通過我的課程，我不能畢業了。
0,老實說，我心情不太好。我考試沒及格。
0,很不幸，我不太好。
0,我情緒低落。好像生病了。
0,我很傷心，我之前在淋浴時哭了。
0,好吧，我只是覺得沒有什麼是我想要的。
0,很失落。當我一直在努力清理自己的時候，我媽媽罵我很亂。
0,不太好。我丈夫剛失業。
0,不太好。我似乎對做太多事情沒有興趣。
0,我感覺不太好。
0,我真的很沮喪。
0,我心情不好，我最好的朋友不會跟我說話。
0,我只想哭，因為我的狗死了很難受。
0,真的很沮喪，我似乎無法開始任何事情。
0,我感覺不太好。我的祖母上週去世了。
0,我覺得很糟糕，自從我父親去世後，一切似乎都沒有任何意義。
0,我和我的伴侶吵架了，我真的很難過。我覺得是我的錯。
0,今天簡直慘不忍睹。
0,我感覺不太好。
0,自從我去年失業以來，我就有點沮喪了
0,坦率地說，我看不到生活中的任何意義了
0,可怕。我只是很難過。
0,我今天做的沒那麼好。他們正在推出我最喜歡的童年電視節目。
0,我覺得我想吐
0,不好，我和媽媽吵架了。
0,有點失落的感覺。
0,我需要得到支持
0,我希望我能改變
0,天氣很糟糕，它讓我陷入了垃圾場。
0,我感覺不太好。
0,我最好的朋友這週搬去了很遠的地方。
0,我真的很難過，因為我和我哥哥吵架了。
0,我當然不是處於最佳狀態。
0,我的母親剛剛去世，我無法停止哭泣。
0,不太好，失望，沮喪。
0,我很難過。我的心碎了。
0,我很痛苦，我已經病了很多年，我找不到治療方法
0,我完全感覺很糟糕
0,什麼都不好
0,我情緒低落
0,老實說，不是很好。我的貓剛剛去世。
0,感覺不好。我媽媽昨晚住院了。
0,我無法停止哭泣。
0,我很難過，我和我男朋友吵架了
0,我感覺非常費。一切可能出錯的地方都出錯了。想地上找個縫鑽進去。
0,我今天過得不好
0,我感到沮喪
0,她就是不和我說話了，我不知道該怎麼辦。
0,我今天過得很糟糕。
0,我感到沮喪，因為我找不到放鬆的方法。
0,我啥都不如意，我從來沒有足夠的錢做任何事情。
0,我今天很傷心，昨晚我失去了一位親愛的朋友。
0,我現在感覺不太好我很傷心
0,我沒有任何快感。
0,有待改善。我的妻子和家人最近似乎很疏遠
0,由於和朋友吵架，我很沮喪。
0,我失去了動力，似乎永遠無法提高我的成績，我很難過。
0,真的不好。我想我的婚姻結束了。
0,我失去了所愛的人，從那以後我就沒有真正感到快樂。
0,我感覺有點虛弱和沮喪。
0,我很無聊，我一個人在家
0,我感到孤獨
0,今天我感覺想成為一顆釘在牆上的釘子。就在那里呆著。
0,我被悲傷淹沒
0,我感覺像一塊濕抹布
0,我很高興你問這個問題，因為我最近真的很糟糕。我想我很沮喪。
0,自從他離開我我真的不想再活了
0,非常難過，我今天沒有精力。
0,我今天感到很沮喪，因為我今天收到了一位客戶的差評
0,情緒真的很低，我發現大多數日子都很難起床。
0,感覺自己在坑底：剛丟了工作
0,此刻我感到相當難過
0,我很沮喪。我和姐姐意見不合。
0,不太好，我希望今天早點過去。
0,男朋友跟我分手了，今天好難過
0,我很難過，因為這是一個長周末，但我必須工作。
0,我無法停止哭泣，因為我非常想念我的媽媽。
0,最近幾天我的心情一直很低落。
0,我有點沮喪。我今天考試不及格。
0,我感覺有點慘，心情可以更好。
0,一點都不好。我最近真的很懷疑自己。
0,不是很好，老實說。我只是最近似乎沒有任何積極的感覺。
0,我無法處理日常任務，我感到非常不知所措
0,我好像生病了，不太舒服。
0,一點都不好。我只想躲在我的房間裡，從世界上所有的動盪中睡覺。
0,由於某種原因，我今天感覺很憂鬱。
0,我今天真的很沮喪
0,不是很好。我今天不得不加班兩個小時。
0,我今天對自己真的很失望。
0,我很崩潰。我無法停止哭泣。我的狗今天被車撞死了。
0,我一點都不舒服。一切事情都不順。
0,我並不像我想的那樣快樂。
0,我今天好難過
0,我很鬱悶
0,我覺得有點絕望。
0,我沒有那麼好，因為我被上級罵了。
0,我的生活一片混亂。
0,我今天失去了一個親密的朋友，感到非常難過和孤獨。
0,我累了;一切都感覺像是一種努力。
0,我真的很沮喪，有點絕望。我想我很沮喪。
0,非常難過，我正在一個悲傷日子的紀念日想起它。
0,太可怕了，昨晚有人闖入我家。
0,今天我的心情很沉重。
0,我感到很失望。我被朋友出賣了。
0,我不想吃早餐，因為我太難過了。
0,我不好。我今天都不想起床。
0,在垂頭喪氣。我丈夫已經回辦公室工作了，我一個人挺孤獨。
0,有點可怕。我爸爸生病住院了。
0,好吧，我想。感覺比起還低。
0,我可以做得更好。
0,我心情有點低落。
0,我過得不好，我最喜歡說話的人甚至不再理我了。
0,我似乎再也感覺不到快樂了，因為我因失去工作而感到難過。
0,有點差勁，真的。我似乎無法享受任何東西。
0,我感覺不太好。我丟了我最喜歡的玩具，我找不到了
0,我只是不明白起床的意義。沒有什麼感覺很好。
0,我不應對。我只是覺得我可以一直哭。
0,我似乎無法擺脫這種低落的情緒。
0,我今天感覺不太好
0,不好，自從X離開後，我的情緒真的很低落。
0,我感到非常孤獨，我沒有朋友，也沒有男朋友
0,我希望我能快樂。
0,今天感覺有點無聊，因為我收到了一些關於一些財務問題的壞消息。
0,我現在很沮喪
0,很糟糕，我的女朋友甩了我。
0,今天下午我有點沮喪。
0,傷心
0,我覺得很懶
0,我今天感到有點孤獨和悲傷。
0,我今天很難過。
0,我的車需要大修，我破產了。
0,我現在很傷心，因為我最好的朋友對我撒了謊。
0,今天不是個好日子。
0,我覺得沒有人愛我。
0,今天有點感覺烏雲籠罩著我。
0,這對我來說不是一個好時機。
0,我很鬱悶，一直找不到女朋友
0,我度過了最糟糕的一天
0,我不好
0,我超級難過
0,我快要熱淚盈眶了。我最近剛丟了工作，我快受不了這個壓力了。
0,不太好。我期末考試不及格。
0,彷彿有一朵烏雲籠罩著我。
0,我感覺不好，我分手了
0,今天早上剛看到新聞，我心態崩裂了。
0,我感覺非常差
0,我不知道我的感受
0,我想我很沮喪，我只是累了……你知道嗎？厭倦了這一切。
0,今天和男朋友吵架了
0,我很難過。我的狗死了，我無法承受傷害。
0,糟糕的。汽車無法啟動，這真的讓我失望。
0,我感到非常難過，我出了車禍，我的車拋錨了。
0,我在我的生活中感到孤獨所以我很傷心
0,我不想做任何事情。
0,有點難過。我父親最近去世了。
0,我無法集中註意力，感到孤獨。
0,我覺得很糟糕，我的女朋友甩了我，現在我沒有人了，我真的很沮喪。
0,我每天都很難過，自從那次事故後我一直很痛苦。
0,我真的很沮喪，我感到沮喪，沒有動力。
0,我沒有太多精力去做任何事情。
0,疫情讓我失去了個人
0,我情緒低落
0,比平時更沒用
0,我感到悲傷和沮喪
0,我一點都不舒服，我完全心灰意冷
0,好吧，我該從哪裡開始呢。我很難過，我很難打字。
0,我不能再這樣下去了，太痛苦了
0,所以，我今天的心情很陰鬱。
0,最近我失去了我的祖父，我感到很沮喪
0,所以，目前似乎沒有什麼能讓我開心。
0,我感到很孤獨，因為我的朋友不會參加我的生日聚會。
1,我對我朋友的行為感到非常惱火
1,我很生氣
1,我對客戶服務主管感到反感，因為她在我敘述我的問題時拒絕看清原因
1,我很生氣。我丟了錢
1,我很生氣，因為我找不到借記卡。
1,我很生氣我的同事因為我的工作而受到讚揚。
1,不太好，我度過了非常沮喪的一天。
1,不是很好。我對我的一個同事很生氣。
1,我被推到了惡化的地步，失去了冷靜。
1,我很生氣。一切都不正常！
1,我現在很生氣。我的搭檔欺騙了我，這讓我很沮喪。
1,我很生氣，因為我被無故解雇了
1,我非常失望。
1,我最近對正在發生的政治局勢充滿了憤怒和仇恨。
1,我現在真的很生氣。我剛剛和一個指責我沒有做的事情的人發生了爭執。
1,我又開始真的生氣了
1,事實上，我這週都在加班，這讓我很生氣。
1,我只是一直很生氣
1,我很生氣，因為我哥哥偷了我50 美元。
1,我很生氣。我老闆給我寫的！
1,我很心煩。
1,我今天感覺不太好。
1,我很生氣
1,我他媽的氣死了。
1,我感到非常生氣，因為一個陌生人襲擊了我。
1,每個人都反對我——我的老闆、我的丈夫和我的孩子。
1,我對我的朋友很生氣，因為他不服從我。
1,我很生氣。
1,我現在很生氣，我不知道為什麼。
1,很糟糕
1,我現在感到很生氣。
1,我一點都不好。其實挺煩的。
1,我不好。我頭上的工作壓力太大了。
1,我的老闆只是因為我胡說八道而解雇了我！
1,我很生氣。
1,我最好的朋友找到了一個可以一直出去玩的人。
1,我真的很生氣。我不公平地失去了工作中的大晉升。
1,我在另一門課上不及格，為此我很生自己的氣。
1,我很生氣
1,我真的很生氣我的前任。
1,我不能忍受我的生活，顯然我的伴侶也不能，因為她已經走了。
1,我很生氣，我的朋友和我男朋友調情，我不知道如何處理。
1,太糟糕了- 我覺得我需要傷害某人。
1,我不好，我的團隊被取消了資格，我和朋友打賭輸了100 美元，我真的很生氣。我有這種感覺是球隊的錯。
1,我感覺很糟糕，我剛剛得到了一些非常令人惱火的消息
1,我很生氣我的老闆在我的同事面前讓我難堪。
1,我再也受不了了。
1,我對我的配偶生氣
1,狂怒。每個人都在不停地打擾我工作。
1,我很生氣我男朋友沒有告訴我真相。
1,我超級生氣
1,我對我室友發生的事情很生氣
1,我很不高興
1,我為今天發生的事情而生氣。
1,老實說，我很生氣。
1,那不是你的事
1,我對自己受到的對待感到非常沮喪。
1,我只是在生氣。
1,我生氣了。
1,我的經理罵我所以我很生氣
1,我現在很生氣，因為我沒有通過考試
1,我很生氣。
1,一個白痴差點造成車禍，讓我很生氣。
1,我覺得很可怕，很生氣，很可恨。
1,我不好。我不知道為什麼這一切都發生在我身上。
1,我真的很生氣，他們在學校取笑我，但我對此無能為力
1,我為今天發生的事情感到非常生氣。
1,我不好，我對我的搭檔很生氣，因為他說了一些令人惱火的句子
1,我很生氣
1,不是很好。最近似乎一切都讓我感到沮喪，我需要付出很多努力才能保持冷靜。
1,極度憤怒！老婆離我而去！
1,我非常生氣
1,我不好，當陌生人撞到我的車時，我真的很生氣
1,我需要休息一下社交媒體
1,我對這個世界感到厭惡
1,我生氣
1,我對我的父母很生氣，他們總是試圖控制我。
1,我對上週在工作中發生的事情感到很生氣。
1,我生自己的氣。
1,生氣了，徹底結束了這一切。我剛出去工作。
1,請別打擾我
1,我不好是因為我的朋友欺負我
1,到目前為止，我討厭我的一天。
1,不是很好。我想辭掉我的工作。
1,我今天真的很生氣。
1,我像大黃蜂一樣生氣，我想打人。
1,我真的很生氣，我今天在工作中無法完成任何事情。
1,我現在很生氣，我不敢相信我被當成了傻子。
1,我今天很生氣。
1,滾蛋
1,我不好
1,我有更好的日子
1,我對我的老闆很生氣，因為他總是沖我大喊大叫
1,今天我覺得自己很糟糕！
1,我對我的老闆很生氣，她總是那麼苛刻，根本不考慮人們的心理健康
1,一切都很糟糕，我討厭我的生活
1,不好，我今天過得很糟糕。
1,我開始想我哥哥什麼時候離開並生氣
1,真的很生氣！我的老闆根本不尊重我的時間！
1,我感到壓力很大，我對我的男朋友很生氣，因為他總是遲到而不提前通知我。
1,我開始想到我的對象離開我的時候，我很生氣
1,我心情不好
1,我對我兒子很生氣，因為他今天沒有吃午飯
1,我很心煩
1,我很不高興，因為我的手機摔壞了。
1,我的室友因為她的草率而讓我發瘋！
1,我現在很生氣。
1,我真的對我丈夫很生氣，他和我吵架了。
1,老實說，我感到很生氣，就像我會傷害某人一樣。
1,我現在無法忍受我生命中的任何人。
1,我只是想打人，真的。我現在對一切都感到厭煩了。
1,我對我的搭檔很生氣，我發現他們出軌了
1,我一點都不好。
1,我只是想砸東西。我的老闆最近很為難。
1,我很沮喪！無論我說什麼，我的父母都不理解我。
1,對一切都很生氣
1,不太好，因為銀行搞砸了我的支票賬戶。
1,我什至不想談論它
1,我想砸人的臉。現在的人都是混蛋。
1,我氣得要死。我輸了一個大賭注。
1,我很生氣。
1,我對同事的行為感到憤怒。
1,我想喊
1,我厭倦了這種狗屎。
1,我感到非常生氣，因為我的兒子不聽從我的指示。
1,我太生氣了，我可以殺了人。
1,我對我弟弟很生氣。
1,我只是覺得最近很生氣。
1,我氣得快要爆炸了——我哥哥真的知道如何按我的按鈕。
1,我很生氣
1,我很生氣。
1,我現在很生氣。
1,我沒有心情和別人說話。
1,我直接打了我前任的車窗。
1,我只是不想現在處理這個。
1,一個同學把我的項目建議當成了自己的。
1,不好。我發現我老公出軌了。
1,糟糕的。我對我的兄弟很生氣，我相信他正試圖讓我的家人反對我。
1,我有點生氣
1,我的前任毀了我的生活，我瘋了。
1,我很生氣，我完全被我的前任甩了，而且被鬼魂化了。
1,我不好，因為我很生氣，以至於我丈夫買了一輛昂貴的汽車，而且從來沒有和我說過這件事。他讓我如此沮喪。
1,就像一座即將噴發的火山。
1,我不好！我被解雇了，我真的很生氣。我在工作中做的一切都是正確的，我有這種感覺是他們的錯。
1,今天太糟糕了，一切都出錯了。
1,我只是一直覺得很生氣。老實說，我認為我應該得到比這更好的。
1,我非常沮喪。
1,我感覺很糟糕
1,我真的很生氣！今天是一件又一件的事情。
1,我很生氣，因為我的貓毀了我最喜歡的地毯
1,我真的很生氣。
1,我對我的同事很生氣
1,我很生氣
1,我對我伴侶的行為方式感到惱火。
1,"我不是很好- 事實上, 我現在很生氣。"
1,你知道這有什麼用嗎
1,今天真的對我造成了傷害，我已經筋疲力盡了。
1,我對我的工作很生氣。我感到被困在其中，這讓我感到沮喪。
1,我很生氣。
1,我父母和我吵架所以我很生氣
1,我很生氣，因為我打破了一個盤子，碎片散落在地板上。
1,我感覺準備隨時鬥爭的緊張。
1,我對我最好的朋友對我說的話感到不安。
1,我感到很憤怒，好像我什至無法直視。
1,就像我需要冷靜
1,我很生氣，我工作組的人無緣無故地排斥我
1,我對我朋友的行為感到非常惱火。
1,我今天不爽，我很生氣
1,我真的很不開心
1,我不斷發現自己不由自主地握緊拳頭。我感覺我的神經被擊中了，我快要爆炸了。
1,糟糕的！我的室友偷了我的項鍊！
1,我感到非常惱火，我在酒吧打架並被禁止在那裡
1,這是一個非常糟糕的時刻
1,一點都不好！
1,我他媽不知道
1,我不敢相信她欺騙了我，我現在非常受傷和生氣。
1,我在想我最近和媽媽吵架，這讓我很生氣。
1,我很生氣我的老闆寫信給我。
1,生氣又生氣。我周圍沒有人在聽我說話。
1,不要打擾我
1,我不好，想到我的孩子我很生氣
1,今天一切都糟透了。
1,我覺得很煩躁。
1,這是非常糟糕的一天。
1,我總是被生活踢倒，我真的很生氣！
1,生氣了，我的朋友真的很煩人。
1,我真的，真的很生氣。我覺得我可以炸了。
1,我恨這個國家！
1,我想讓我為了殺他而自殺的朋友起死回生
1,我感到有壓力
1,你有其他問題嗎？
1,我生自己的氣，因為我不能減肥，也沒有自製力
1,我對全世界都很生氣！
1,我對我的伴侶在房子周圍無所事事感到生氣
1,哦，甚至不要讓我開始！
1,沮喪，我很生氣，我不知道為什麼。
1,我今天很生氣
1,被惹毛了！交通是一場噩夢，有人把我攔住了，我差點撞上他們！
1,我很生氣，因為我的狗在我外出工作時撕毀了我最喜歡的沙發。
1,我有這種感覺是他們的錯。
1,我的心情不好
1,我對我的鄰居很生氣，因為他正在製造噪音
1,我覺得脾氣很暴躁
1,我有點生氣，因為詹姆斯沒有完成他的任務。
1,如果其他人試圖在交通中切斷我，我會爆炸！
1,一切似乎都不順利，我無法讓任何人聽我說話。
1,我覺得很爛，我和我朋友吵架了。
1,我的情緒在沸騰，我快要爆炸了。
1,我討厭我接觸的每個人。
1,我很生氣。我的老闆把我逼瘋了，我的朋友一直向我要我幫不了他的忙。
1,我的家人讓我發瘋，我受不了他們
1,我沒心情說話。
1,老實說，我現在可能會破壞某些東西。我的一門課沒及格。
1,我很生氣，我的房東剛剛給了我一些可怕的消息。
1,我以為我在變好，但我真的又為事情生氣了
1,其實，我對這個冬天取暖油的價錢而生氣。
1,我只是隨機有這些爆發
1,我的車停在雜貨店停車場時，有人蹭了我的油漆，我很生氣。
1,我生氣了。我厭倦了我的妻子。
1,我對某人生氣。
1,真的受夠了這個。
1,我很不高興
1,我完全瘋了。
1,我感到非常生氣，因為我姐姐傷害了我很多。
1,我對家鄉的情況感到非常生氣。
1,我對我朋友的不當行為感到憤怒。
1,我有很多事情要做；我生氣了。
1,我很生氣，覺得沒有人尊重我。
1,我一點都不開心
1,我很生氣，想要感覺好點。
1,我沒那麼好，我想一個人呆著。
1,我覺得我想打人。
1,我生氣了，你怎麼看。不要再問這些問題了。
1,我父親總是說我愚蠢和懶惰。
1,糟糕的。我岳母不會停止越界。
1,我真的對我的鄰居很生氣，他今天早上無緣無故地和我吵架了。
1,我特別生氣
1,我對我和我的前對象分手的方式感到非常沮喪。
1,我對我的前女友很生氣，我不敢相信我搞砸了我們的關係。
1,糟糕的！我很生氣，因為我的鄰居說我的孩子是壞名聲，因為她因為他進入她的院子而生他的氣。我覺得她是個可笑的人！
1,我快瘋了，我不可忍受了。
1,我不好，我和父母吵架了，我離開了家，我很生氣。我有這種感覺是他們的錯。
1,明明我不好，我真的早傷害了自己
1,我損失了一大筆錢，我對自己很生氣。我想打自己。
1,我似乎今天討厭所有人。
1,我今天不好
1,我很煩。每當我認為自己處於領先地位時，就會出現其他情況。
1,我最近對我的工作感到非常沮喪。
1,我很生氣，我不知道如何改變它。
1,我只是對生活很生氣，因為似乎沒有什麼事情適合我。
1,我很煩
1,太可怕了，我的壞爸爸像往常一樣打我
1,我現在不開心，有點不高興。
1,你無權問這個問題
1,我很生氣，我可以尖叫。
1,我最好的朋友一直表現得像個混蛋，我對她很生氣。
1,我感到憤恨和惡意。
1,我的朋友讓我失望所以我很生氣
1,我很生氣，因為我最好的朋友沒有出現在我的生日聚會上。
1,我現在對一切都很生氣。
1,我現在真的很生氣。我剛剛因為工作中的晉升而被拒絕，這是因為我的一位同事認為我的想法值得稱讚。
1,我感到很生氣，就像生活是不公平的，我對此很無助。
1,生氣的
1,我太可恨了，我最信任的人以我無法想像的方式背叛了我
1,我對我伴侶的行為方式感到惱火。
1,我今天感到非常生氣
1,我討厭一切
1,我不能說我感覺很棒。我和以前一樣易怒，我害怕做或說一些我可能會後悔的事情。
1,非常失望！我的老師錯誤地指責我作弊
1,我真的很生氣，我看到我丈夫欺騙我
1,這是一個非常緊張的時刻
1,我怎麼會在這種情況下？
1,我想打人
1,我的老闆一直在貶低我，我再也受不了了。
1,我很生氣我的老闆不讓我加薪。
1,我以前從來沒有這么生氣過，我只是被誣告偷竊。
1,一點都不好。我很生氣，剛剛和我的伙伴吵架了。
1,像個傻逼
1,我對我的老闆很生氣，因為他咄咄逼人
1,今天這一天考驗了我的耐心。
1,我正在被迫害。
1,我朋友的行為讓我很生氣。
1,受夠了被虐待，我從來沒有這么生氣過！
1,生氣的。工作中的人期望我做任何事情！
1,我對我的伴侶對我撒謊感到生氣。
1,我對這裡的情況很生氣，我真的很討厭職業政治家。
1,我討厭我的女孩
1,我累了
1,比昨天更糟
1,我很生氣，因為生活太不公平了
1,看，如果可以的話，我會打破一切，包括這台該死的電腦！
1,我工作，我做飯，我打掃衛生，他們還想讓我做什麼！
1,我現在很生氣我會打人
1,好吧，但我覺得很煩。
1,這一刻我無法控制自己
1,我壓力好大！我整整一周都沒有時間獨處！
1,我很生氣，我剛剛發現我的丈夫和一個同事在欺騙我。
2,我感覺很焦慮，我在等那個工作項目的回音
2,因為明天要考試所以我感到緊張
2,說實話，我真的很擔心事情。
2,我不知道，你為什麼要問我？誰讓你問我的？
2,我感到非常焦慮，而且一點也不舒服。
2,我今天感覺很緊張。我有一個大測試，我擔心我不會通過。
2,我今天感覺很緊張。
2,我好多了。我正在等待我的測試結果，我對結果感到緊張。
2,今天下午去看牙醫，我感到很緊張！
2,我對開始我的新工作感到緊張。我不確定我是否適合
2,我今天真的很緊張，我似乎無法擺脫這種恐懼感
2,今天不太好，著急
2,我今天很焦慮。
2,我今天應付得不太好
2,我感到不確定和恐懼。
2,我感覺有點搖搖欲墜。
2,我感覺不太好，我最近工作太辛苦，幾乎沒有時間照顧自己。
2,不是很好，老實說感覺有點緊張
2,我今天感覺不是特別好的。我很焦慮，不知道為什麼。
2,我的焦慮感都無法衡量了。
2,我今天感到壓力很大，因為我有一個截止日期要滿足。
2,我今天感到非常緊張和焦慮
2,我感覺不太好，我很焦慮
2,由於疫情，我感到焦慮
2,我今天感到非常焦慮。
2,我今天真的很焦慮，我不知道為什麼
2,有點害怕，昨天做了件丟人的事
2,我今天過得很糟糕我很擔心我的考試
2,我今天感覺不太好。我的腦子在飛速運轉，我無法停止對所有事情的過度思考。
2,我擔心我的孩子在學校
2,我真的很著急，我的肚子在打結，我怕我的駕駛考試不及格。
2,我擔心會有不好的事情發生
2,緊張的
2,我感到非常焦慮。
2,今天一整天我都有一種可怕的感覺，覺得有什麼不好的事情即將發生。
2,說實話，我有點焦慮和心急。
2,我感到非常不安。
2,我覺得很煩。
2,我今天感覺有點緊張。
2,我感到緊張。
2,我對今天開始我的新工作感到有點焦慮。
2,有點緊張；我覺得我的老闆對我不滿意。
2,我對考試真的很緊張
2,目前我承受著很大的壓力。我現在正在處理家裡發生的很多事情。
2,我感到有點壓力。
2,我怕我女朋友要離開我
2,我怕我得了癌症
2,我今天很焦慮，我要考駕照。
2,我害怕死亡，有時我只是徹夜難眠，想著生命的荒謬
2,真的很糟糕- 真的很擔心，真的覺得可怕的事情總會發生
2,老實說，我今天感到有點焦慮。我昨天見了一個朋友，現在他們被告知需要自我隔離。
2,你為什麼這麼問我？
2,我做得不好，我的焦慮正在踢我的屁股。
2,我今天很焦慮。
2,我有一種害怕一會坐飛機的感覺。我真的很怕坐飛機
2,我怕我的孩子受苦。他們發燒了
2,我嚇得魂不附體，身體都不舒服了。
2,我擔心我不會按時完成我的工作
2,我擔心我的職業
2,我感到害怕，因為我今天必須做演講
2,我怕我女朋友出軌
2,我很好，但我覺得我們可能會輸掉足球比賽
2,我有些害怕，因為城裡所有的騷亂讓我擔心自己會出事，否則我將無法獲得食物和必需品。
2,有點擔心。
2,我今天真的很不舒服。等結果都快等瘋了！
2,我感到壓力和焦慮
2,我感覺不太好，我有一種伴隨焦慮而來的下沉感。
2,今天是漫長的一天，會議的進展讓我對我在這家公司的未來感到茫然
2,我感到有點害怕
2,我害怕。我找不到我的兒子。
2,我對自己的新冠檢測結果呈陽性感到擔憂和恐懼。
2,我今天很焦慮。
2,我感到焦慮
2,我今天真的感覺不像我自己，我感到害怕和害怕
2,我今天感到很擔心，因為我可能會失去工作。
2,我今天感到害怕和不安。
2,我過的不太好，我真的無法面對這一天。
2,我今天感覺真的很不舒服，就像我一直被跟踪一樣。
2,我擔心我會在發薪日之前用完錢。
2,我想我會驚恐發作。
2,我今天感覺不太好。我非常焦慮和不安。
2,我不舒服。我正在為即將到來的考試感到壓力。
2,我今天有點著急，等待一些結果
2,我今天感到壓力很大。我有太多太多的事情要做，但時間太少了。
2,我擔心我的工作
2,我感到有點壓力，因為我必須在全校面前演講。
2,我現在無法回答，需要離開。
2,我今天感覺很糟糕，我的焦慮來自屋頂。
2,我不喜歡在人群中，這讓我真的很焦慮，有點害怕
2,我感到壓力和擔心，因為我的生意下降了
2,謝謝你的提問，今天很困難，有點焦慮，它變成了恐懼
2,老實說，我今天感到壓力很大，我擔心我在面試中表現不佳，然後我又回到了原點。
2,我擔心進城
2,我現在感覺很緊張。
2,我感覺不太好。我的生活中發生的事情太多了。
2,我對今天的考試感到很焦慮。
2,我在孤立中感到焦慮。
2,我其實很擔心這個結果，我不敢再問了
2,我很擔心，因為我沒有做作業
2,感覺現在的生活有點壓倒性的。
2,嗯，不太好，嗯，我真的很擔心發生了什麼，我整個星期都沒睡覺。
2,我的心情真的很低落，實際上很害怕。
2,我應該和朋友出去，但我覺得太緊張了。我不喜歡和一大群人在一起
2,我今天感覺不輕鬆，很緊張。
2,我感覺不太好。我媽媽昨天進了醫院，我在等一個電話告訴我發生了什麼。
2,我很焦慮，我的考試成績明天就出來了，我可能沒有達到我所希望的。
2,我擔心我的績效評估，以及我是否做得足夠來獲得晉升。
2,我感覺不太好。我感到壓力很大，我很擔心，因為我不知道為什麼會有這種感覺。
2,我很擔心
2,我感覺不太好，我擔心面試。
2,我為自己的安全感到害怕
2,我對今天不是很自信，有一種不好的感覺。
2,事情讓我很沮喪。
2,我今天感到很焦慮。我的待辦事項清單似乎越來越長，我工作的時間越來越長。
2,只是擔心接下來的幾天
2,我真的很害怕，因為我一會要去看牙醫。
2,我今天真的很累。
2,我擔心我們國家的疫情的發展方向以及政府最近做出的決定，並擔心我會感染該病毒。
2,老實說不太好，我剛剛驚恐發作
2,我今天其實很著急
2,我感到害怕，我不知道為什麼
2,我今天感到非常害怕。
2,我今天壓力很大，我在等一些測試結果
2,我很緊張，我有點失去理智了。
2,我怕我不記得我學過的任何東西
2,天哪，我今天不知為何感到很害怕。
2,我擔心我目前的工作狀況
2,不好，我害怕去看醫生，我覺得事情很嚴重。
2,我害怕回家
2,不舒服
2,我感到害怕。
2,我對很多事情感到擔心，我覺得我無能為力。
2,不太好，我腦子裡有很多事情讓我感到壓力山大。
2,我感覺很緊張。
2,我今天有種不好的預感。
2,我感到擔心和焦慮。
2,我感到有壓力。
2,我怕我的狗做不了手術。
2,我還好，但我起晚了，不得不趕去上班。我希望我不會遇到麻煩。
2,恐怕我不能按時完成所有這些工作
2,我家有人感染了新冠病毒，我現在非常焦慮。
2,我今天真的很緊張。
2,我不知道這個月我將如何處理所有事情
2,我最近對離開家感到焦慮和害怕。這種長時間的隔離對我不利
2,我今天很焦慮，一切都感覺很壓倒性。
2,我真的很擔心我的外表，有些日子我寧願根本不出門
2,我今天的焦慮很嚴重，一點點事情都讓我擔心
2,很著急。我仍在等待我昨天參加的那次面試的回音。我知道我做得很好，但我上次也這麼認為，並沒有得到這份工作。
2,我實際上感覺不太好，我的頭腦很模糊，我感到焦慮，我的直覺告訴我出了什麼問題。
2,我很害怕我可能不會很好地通過考試
2,我擔心破壞其中一台工作中的機器會產生什麼後果。我可能會丟掉工作！
2,我怕我的孩子生病了
2,可怕，我真的很著急
2,我擔心我的工作不會達到足夠高的標準
2,我真的很擔心我的求職面試
2,我覺得我女朋友一直在騙我，這讓我很焦慮
2,我不好，我恐懼對手
2,我感覺有點壓力，因為我忘記付信用卡了。
2,有點緊張
2,今天醒來感覺不到自己，這讓我感到害怕。每當我有這種感覺時，總會發生一些不好的事情。
2,我感覺不太好，有焦慮
2,我覺得可能會發生一些不好的事情，而且我擔心它會發生。
2,現在在搶劫襲擊後我的生活極度緊張
2,我感到很不安
2,我很擔心，我的電話壞了。
2,我感到不安和不安，我不明白為什麼。
2,我今天真的很緊張。
2,我感到害怕
2,我只是今天感覺不對，我有這種嚴重的焦慮
2,今天心情很緊張，要去面試。
2,老實說，我今天感到很焦慮。
2,不好。我害怕未來的不定。
2,心都快跳出來了，今天好著急
2,我很焦慮，因為我需要解決一些家庭問題。
2,我很害怕今天得到結果。
2,不是很好。我擔心我的安全。
2,我很害怕，虐待我的前任試圖再次聯繫我。
2,我害怕我會失敗
2,我對接下來去看醫生感到焦慮。
2,我的孩子生病了
2,我確實感到有點焦慮，因為我即將做一些我以前從未做過的事情。
2,你問我這個乾嘛？
2,太可怕了我做了一個非常可怕的夢，這讓我感到非常焦慮。
2,我剛剛驚恐發作，感覺很糟糕
2,由於新冠病毒，我的健康狀況惡化，我非常擔心
2,此刻焦慮和恐懼加劇了，謝謝你想我。
2,不錯，謝謝，有點緊張，害怕我不會得到這份工作，只是跑掉了工廠的神經。
2,我擔心襲擊我的人會再次跟踪我
2,不太好，現在事情真的讓我感到不安。
2,我錯過了我的作業截止日期，所以我感到非常焦慮。
2,我怕我考試不及格。
2,我感到非常害怕我周圍的世界。
2,實際上不是很好，對此感到有些焦慮
2,我感到害怕，因為我不確定我將來想要什麼職業
2,我總是忍不住感到害怕。
2,我今天過得不好，你能幫幫我嗎？請幫幫我，你會幫我嗎？
2,我今天的心理健康一點都不好
2,今天，我的心彷彿在狂奔。我感覺不太好，我想我只需要一個人待著。
2,我今天感覺很緊張，對我的皮膚不舒服。
2,我對這裡的政治局勢感到壓力和焦慮。
2,我感覺很糟糕，我最好的朋友收到了一些令人擔憂的健康消息！
2,我害怕在會議上出醜，我討厭公開演講。
2,我今天的心情真的很低落，我很害怕它不會好轉。
2,你問來幹什麼
2,我害怕有什麼不好的事情會發生在我身上。
2,我很擔心我們的未來
2,由於出現症狀，我必須進行新冠檢測，而且我擔心自己可能會呈陽性。
2,我還好，就是有點著急。
2,我感到害怕。我身體不太好，我害怕感染新冠。
2,我現在腦子裡有很多事情，這讓我很焦慮
2,我今天感覺很差。我很害怕失去工作。
2,我的忍耐被用盡了。
2,我很擔心我年邁的父親的健康。
2,其實很害怕，我可能需要一些幫助
2,焦慮的
2,我實際上已經被情緒的動盪和極度的恐懼所淹沒
2,今天，我既焦慮又害怕。
2,我對面試感到緊張
2,我沒事，就是有點著急。我只想讓這一天結束。
2,我對考試很緊張
2,我感覺有點像壞事要發生一樣，我無法停止思考
2,我一點都不正常，我的頭在旋轉，我感到有壓力
2,我今天壓力很大，感覺隧道盡頭沒有光，我拖欠了抵押貸款。
2,我覺得我可能得了重病但不想看醫生
2,害怕的
2,不太好，老實說，我怕我搞砸了。
2,我需要完成的事情太多了，我敢肯定我會忘記一些重要的事情。
2,我有更好的日子，我感覺不舒服，現在對事情感到焦慮。
2,我今天感到不安
2,我今天很緊張
2,我今天一直感到害怕。
2,我感到害怕。
2,我的心在狂跳，我感到緊張不安。
2,我已經好多了，我很擔心，因為我今天早上起床時聽到了一聲響亮的“啪”聲，現在我的背部酸痛。
2,我害怕我所愛的人可能會發生不好的事情
2,我很害怕。我不知道如果我這次考試不及格會發生什麼。
2,我一點也不對。我實在應付不過來。
2,我對自己的職業感到焦慮，不知道大流行結束後我會做什麼
2,不太好，感覺快要窒息了
2,我今天很緊張，因為我有一個大考試。
2,我怕我會失業，下個月付不起房租
2,可怕，感到害怕和神經質
2,焦慮的！ ！我現在月經推遲了3 天，而且我從不遲到！
2,我有壓力
2,我對考試的題目感到焦慮
2,我明天要考試，我真的很害怕我沒有做好充分的準備。我是一個完美主義者，所以這種對不了解一切的擔憂讓我感到恐懼
2,我擔心我的孩子可能感染了新冠
2,我怕我不會通過考試
2,我很擔心我男朋友不理我的消息
2,我擔心我的女朋友可能有外遇
2,我很好，但我有一種奇怪的感覺，好像有什麼可怕的事情要發生在我身上
2,我擔心我所做的一個項目，因為我擔心我可能犯了錯誤。
2,十分緊張。
2,我們國家正在發生的搶搶劫事件讓我為我的生命和我所愛的人擔憂。
2,我只想離開這裡
2,我真的感覺不是很好，我有一種恐懼的感覺在我的肚子裡。
2,擔心我的測試結果會是什麼
2,我現在很擔心
2,我很害怕！一個瘋狂的斧頭殺人犯在我家。
2,我害怕在我的工作中不成功，感覺自己像個冒名頂替者。
2,我腦子裡想了很多。
2,目前感覺不太好，因為我有焦慮
2,我昨晚因為焦慮而睡不著
2,我今天感到很害怕，因為我必須上法庭。
2,我有點緊張。也許這只是我的焦慮。
2,我就是無法面對這一天。抱歉。我現在需要自己一個人。
2,我今天心情不好，就像有什麼東西緊緊抓住我的心，擠壓著它
2,我怕我的貓生病。
2,我感到很焦慮，我認為我無法應付。
2,我想有人一直在跟踪我，我很害怕。
2,我很緊張，我的課堂報告是明天，我討厭在人群面前演講。
2,我很擔心會發生什麼
2,我擔心我不會通過我的駕駛考試。
2,我沒錢
2,今天我有點害怕我今天晚些時候的考試成績不會有好成績。
2,我非常擔心氣候變化
2,我沒事，只是對未來有些擔憂。
2,我顫抖著，有一種恐懼的感覺
2,由於一些財務問題，我感到非常焦慮
2,我繼續與我的焦慮作鬥爭，這是我內心不斷的恐懼
2,更好的伙伴，在這次重要的工作面試中壓力很大，我真的需要這份工作，我知道這對我來說是完美的。
2,今天只是我不期待的那些日子之一。
2,我不確定我是否對考試準備充分。
2,我感到害怕，導致我非常焦慮。
3,我很好謝謝！
3,我感覺很好，因為我剛剛發現我通過了考試
3,我覺得這個世界好像一切都很好。
3,傑出的！我度過了最美好的一天！ ！
3,其實我感覺真的很棒。
3,好極了！
3,我很好！這是美好的一天！
3,我今天感覺輕鬆自在
3,再好不過了！昨晚我的彩票號碼出來了，我要辭職了。
3,我感覺很棒！
3,我感覺很棒，工作很棒！
3,我感覺很棒沒什麼好抱怨的
3,我感覺很好謝謝！
3,我感覺很好，謝謝！
3,非常好
3,我感到活著和幸福。
3,非常好。
3,我感覺很棒我剛從一個小假期回來。
3,還不錯，事情進展順利
3,我感覺很棒謝謝你。
3,很放鬆
3,我今天對我的股票市場投資組合表現特別滿意。
3,我過的不錯你近來怎樣？
3,我感覺很棒謝謝！
3,我覺得很棒！
3,我今天真的很開心。
3,我感覺很好，謝謝你。
3,我真的感覺不錯
3,謝謝你的提問，我今天真的很開心
3,真的很好，睡了一個好覺。
3,我很好
3,我感覺很厲害這是美好的一天。你好嗎？
3,我不能更快樂
3,我很高興馬贏了
3,我感覺很好，目前一切都挺好
3,樂觀的
3,我感覺很好，謝謝。
3,今天對我來說是個好日子。
3,非常好
3,都好
3,我開心極了！
3,我感覺好極了。
3,我感覺很好。
3,我很好！
3,好的謝謝你！我剛剛找到了我以為丟了的最喜歡的帽子。
3,我今天很放鬆，是我的休息日
3,實際上我做得很好。謝謝。
3,我感覺自己站在世界之巔。
3,我對我的新公寓和它的位置很滿意
3,我感覺很好，我對我現在的處境感到滿意
3,我今天感覺很好，我通過了考試！
3,我今天感覺很好
3,太棒了，真的太棒了
3,好的！今天設法將我所有的任務從我的清單中核對出來。
3,萬分謝意。你？
3,我很好謝謝。
3,我很好。
3,我很好謝謝你，我剛剛收到一個好消息
3,好極了。謝謝你。
3,再好不過了！
3,我很滿足我現在的情況
3,感覺真好
3,我今天在公園散步時表現很好
3,我感覺很好
3,我很好，謝謝你，感謝上帝賜予我生命
3,我感覺很棒，謝謝，我剛剛被告知我被提名一個獎項。
3,非常好
3,太陽出來了，我有一種感覺，這將是美好的一天！
3,很好
3,我感覺很好謝謝
3,我做得很好，我得到了期待已久的晉升
3,我感到開心
3,我很好。
3,我太棒了，覺得我今天取得了很多成就。
3,我很好！
3,我感覺很神奇！
3,我感覺真的很好！
3,我今天感覺很好，陽光明媚，是美好的一天。
3,我感覺很好，我在我快樂的地方。
3,我感覺很棒
3,我今天感覺好極了，沒有什麼可以讓我失望。
3,我今天很高興，因為我明天放假。
3,在世界之巔，伙計！
3,我感覺很棒。
3,我很好，謝謝！剛剛開始我的假期，很放鬆。
3,我很好，非常感謝，我度過了愉快的一天
3,我今天感覺很好，謝謝！
3,太好了，我剛中了彩票
3,非常好。
3,生活很好。
3,我今天感覺很棒！謝謝你。
3,充滿希望
3,這是美好的一天，我感覺很棒。
3,再好不過了
3,我做得很好，謝謝你的提問！
3,升職了我感到很開心
3,我感覺很好，謝謝！
3,我感覺好極了。
3,我度過了美好的一天。
3,很開心，心裡很充實。
3,今天心情很好，睡得很好！
3,我感到很高興，因為我進入了我夢想中的大學
3,一點也不差。
3,一切都很好，謝謝，沒有啥可抱怨！
3,我覺得有很多正能量。
3,非常感謝您的提問！
3,我真高興。我現在擁有我想要的一切。
3,我今天感到控制和平靜
3,我就放心了我的測試結果昨天回來了，我很清楚。
3,我感覺自己站在世界之巔！
3,很好，新房子看起來棒極了！
3,我感覺棒極了
3,超棒！
3,我今天過得很愉快，這裡沒有抱怨。
3,今天是個好日子
3,我很積極也很感激。
3,一切都感覺很順利，很開心，謝謝！
3,一切都很好。我在山上散步度過了愉快的一天。
3,我很好
3,生活是美好的！
3,我很好謝謝。
3,今天天氣很好，我們在公園裡悠閒地散步。
3,感覺真棒
3,很好，謝謝
3,我感覺很棒！
3,今天，我真的很滿足。
3,如果我嘗試過，感覺不會更好
3,好的。你呢？
3,我感覺很好謝謝你，非常滿意
3,今天心情很好，期待下午。
3,很好，謝謝，你呢？
3,很好，最近生活進展順利，我感到很平靜
3,我覺得我今天已經實現了我想要的一切
3,完成了本週的工作，我感到很滿足，現在可以放鬆了
3,我感覺很好，我在一段時間內第一次有一種很好的感覺
3,積極的
3,不錯。今天心情很愉快。
3,我今天真的很開心。
3,對我很好
3,很棒
3,我今天欣喜若狂。
3,好久沒有這麼好的感覺了！
3,我感覺棒極了。
3,我今天感覺很好。
3,我感覺很好，謝謝你的提問！我昨晚睡得很好。
3,我很高興，因為昨天是我的生日，我收到了很多禮物
3,好多了。現在有很多值得感激的地方。
3,這些天事情正在按我的方式進行。
3,我很高興我的老闆選擇了我參加升職
3,我感覺很好，生活很好
3,今天能見到我的家人，我感到很興奮。
3,這是一個如此美好的晴天
3,做得很好謝謝
3,我感覺很好，只剩下30 分鐘了，然後我就下班了整整兩個星期。
3,我其實是！
3,我感覺很滿足。
3,我很震驚。
3,太棒了，謝謝你，我正在準備和我喜歡的人約會
3,極好的。到目前為止，這是美好的一天！
3,其實還不錯！
3,我對我的生活很滿意
3,非常感謝您的提問
3,我很高興因為我和我的朋友出去了
3,是的，我很好
3,我很好，我不能抱怨
3,我很好，謝謝，此刻對我的生活感到非常滿意- 我剛剛遇到了一個了不起的人。你今天感覺如何？
3,我很好，謝謝
3,今天，我欣喜若狂。我的結果是陰性的。
3,超級好
3,一切順利，我很高興地說
3,這一天過得很好，我兒子拿到了冠軍
3,我感到欣喜若狂
3,我很高興。
3,我很高興我剛剛通過了考試。
3,我感覺好極了。
3,我在世界之巔！
3,我準備好了，我等不及要開始新的一天了！
3,超好的！我有一份新工作了。
3,我做得很好，我今天感到很高興。
3,我很好，準備好迎接這一天了。
3,今天會很精彩
3,今天發生了很多好事，所以我特別高興。
3,簡直不能更快樂。
3,我現在很開心。
3,超棒！我的考試成績出爐了，我考得很好！
3,我感覺棒極了，我剛剛減掉了一件衣服尺碼
3,今天感覺很滿足，謝謝！
3,太好了，今天是我的生日
3,我很好。
3,活著真是神奇的一天！
3,今天是個好日子，你好嗎？
3,興奮的
3,昨晚我睡得很好，我感到平靜和休息，精神狀態最好。
3,再飛一次，謝天謝地
3,很好，謝謝，你自己呢？
3,一切都很美好謝謝
3,太好了，我今天過得很愉快！
3,我很好。
3,我真的很高興，因為今天沒有下雨。
3,我自己很滿足，我感覺精神抖擻。
3,過的得好謝謝
3,我的足球隊贏得了世界杯，我感到很滿足
3,對我來說一切都很順利。
3,是的，很好，謝謝。
3,我感覺在世界之巔
3,我感覺非常好，充滿希望。
3,我心情這麼好。我覺得今天很幸運
3,我今天感到滿足和高興
3,我很好謝謝。
3,我感覺超級棒！
3,我很好，大部分情況下一切都很好。
3,我從未如此快樂
3,真的很好謝謝
3,我做得很好，我的心情很好。
3,我很好
3,我有一種同性戀的感覺，我對我所擁有的一切感到欣喜若狂。
3,我很好謝謝！
3,我感覺很好。我現在正在讀一本好書。
3,我現在感到很幸福
3,我對我的新夥伴感到非常高興和滿足。
3,我心情太好了。
3,我的足球隊今天贏了，這總是讓我心情愉快。
3,感覺從來沒有這麼好的
3,我感覺很棒！
3,我今天感到溫暖和模糊。
3,今天，我感到快樂和滿足。
3,我今天感覺很棒
3,我今天感覺很棒
3,我今天很開心，一切都很順利
3,挺不錯的朋友，一切都如意。
3,今天心情好
3,我現在感覺很好。
3,我希望我每天都有這樣的感覺
3,今天是個好日子我很健康
3,對目前的情況真的很滿意
3,快樂
3,我很高興也很滿足。
3,我今天過得很愉快，一切都很順利。
3,我很好！
3,我很好謝謝。
3,我今天沒有抱怨。
3,我今天感覺很開心。
3,我感覺很棒。
3,我今天過得很好。
3,太棒了，謝謝。我都忙於工作！
3,我男朋友最近對我很好，我很高興我們的關係重回正軌
3,世界頂級！
3,我充滿了春天的歡樂。
3,我今天感覺很棒，謝謝你的提問
3,我今天對自己感到很滿足
3,我期待著和我的朋友出去吃飯。
3,我今天比上週快樂多了
3,真的很好
3,老實說，這將是我15 個月以來第一次見到我父親，這讓我很興奮。
3,好事發生了
3,我真的很欣喜若狂。
3,我很滿意。
3,太好了，我的工作剛剛加薪
3,這裡一切都很好。謝謝你的提問。
3,不能抱怨，事情進展得很順利。
3,我感謝我擁有的一切
3,都好
3,我今天感覺很好，因為我完成了我所有的工作
3,我很好謝謝
3,我很好，謝謝，上帝很好，生活很美好
3,我今天很開心，我剛升職加薪。
3,我感覺很好
3,今天，我恰好是活著的最幸福的人。你知道為什麼？僅僅因為我已經讓它看到另一天。
3,真的很好
3,謝謝你的提問，我的狀況挺好的
3,我感覺自己在世界之巔，這是我的結婚紀念日
3,我對我的生活感到滿意
3,我太棒了。
3,我很高興，因為我剛被大學錄取。
3,我感謝我現在所處的位置。
3,感覺很好謝謝！
3,今天將是美好的一天，我能感覺到
3,我今天感到非常高興。
3,今天心情很好，好久沒有這麼開心了。
3,我很好謝謝！
3,今天對我來說將是一個愉快的好日子，我感覺很棒！
3,我肯定很滿足，因為我昨晚睡得很好。
3,事情進展得很順利，謝謝。
3,目前對我來說一切都很順利。
3,很好，能夠在周末探望家人，並與他們共進晚餐。
3,當然，鍛煉後我感到精力充沛
3,我今天感到非常幸福和感激，謝謝。
3,太棒了，我剛升職
3,優秀的。
3,又是美好的一天。
3,我今天感覺真好！
3,特別好
3,我感覺很好，謝謝，你好嗎？
3,內容與我的很多
3,很長一段時間以來我第一次說我對事情感覺非常好。
3,我很好，感覺很好
3,嗯，我現在過得很好，謝謝！
3,我再好不過了。
3,我感覺很好，因為我晚上睡得很好。
3,非常平靜和快樂，我沒有任何消極的想法。
